<?xml version='1.0' encoding='UTF-8'?>
<agent-input>
  <server>
    <repository location='/software/software/Install.1.9'/>
  </server>
  <profile id='IBM Installation Manager' installLocation='/opt/IBM/InstallationManager' kind='self'>
    <data key='cic.selector.arch' value='x86_64'/>
    <data key='cic.selector.nl' value='de,no,fi,ru,hr,pt_BR,fr,hu,zh_TW,zh_HK,sk,sl,sv,ko,el,en,it,iw,zh,es,cs,ar,th,ja,pl,da,nl,tr'/>
  </profile>
  <install>
    <!-- IBM® Installation Manager 1.9.1.3 -->
    <offering profile='IBM Installation Manager' id='com.ibm.cic.agent' version='1.9.1003.20200730_2125' features='agent_core,agent_jre,agent_web'/>
  </install>
</agent-input>